PhiloteId,AdditionalIdsStub
8e06f2af-52cf-47d5-872e-0d3912f4fda0,
b32c60e0-86f3-40e6-893e-d3240ffea882,
9460f2f5-9957-4455-b6a6-8ee241b7ebb3,
ff659102-d147-4f1d-bd31-21978858e5fb,
36696ed7-e4f2-4305-b83e-5deaddd4a279,
8263f648-2607-452e-ad69-5e4566354cc9,
f8a27327-cb7a-46f4-bc53-5a2a9945784d,
03c6c7a1-f6f8-4fcc-a1aa-9239dc96109a,
9c967a82-098f-4a38-bac5-2be34529ed54,
250e84cb-abd3-4823-875d-e0e75d88cee3,
c810abaf-010a-426e-afda-d6881831a9e6,
197c9963-55d3-4d80-9e39-23f30bf6c57e,
fa3311ee-3e7c-415a-9eb6-b458c793a675,
520ade57-f639-45e1-b7de-e5dc3142655c,
9b2a48bc-7c85-48cd-ac0d-a09d4b621b0a,
9c8077ce-7abf-4d9a-969b-75631589a220,
8c3d6e7f-5a4b-4c9d-0e12-3c4d5e6f7081,
616fb394-0b4d-486a-98af-48f1fe461af2,
c5c1c63a-4364-4233-9aa1-2a1a5a2ba1f3,
23ad4f37-2c70-4f34-9104-9868ec0f3823,
550e7722-cb57-4e47-a94b-9212b451d6fb,
03e28494-998f-4fc2-ba5d-ad6e5832c8b7,
