PhiloteID,EntityType,EntityKey,Description
a3f2e1d0-1b2c-4a5b-8c9d-0e1f2a3b4c5d,RulePrimitive,<sql-script-file>,Top-level container for a SQL script file
b4e3f2c1-2c3d-4b6c-9d0e-1f2a3b4c5d6e,RulePrimitive,<batch>,A batch of T-SQL statements
c5d4e3b2-3d4e-4c7d-ae1f-2a3b4c5d6e7f,RulePrimitive,<go-separator>,GO command batch separator
d6c5d4a3-4e5f-4d8e-bf20-3b4c5d6e7f80,RulePrimitive,<use-statement>,USE statement to change database context
e7b6c5f4-5f60-4e9f-c031-4c5d6e7f8091,RulePrimitive,<set-option-statement>,SET statement for session options
4f6dbde9-52f2-4d3f-82a1-7b9f3a6c4d85,RulePrimitive,<cs-source-file>,Top-level container for a C# source file
5f7ecdf0-63g3-5e4g-93b2-8c0g4b7d5e96,RulePrimitive,<namespace-declaration>,C# namespace declaration
6g8fde01-74h4-6f5h-a4c3-9d1h5c8e6f07,RulePrimitive,<class-declaration>,C# class declaration
7h9gef12-85i5-7g6i-b5d4-0e2i6d9f7g18,RulePrimitive,<method-declaration>,C# method declaration
