PhiloteID,LanguageID,SymbolicName,Description,BNFDefinition,Attribution
a3f2e1d0-1b2c-4a5b-8c9d-0e1f2a3b4c5d,1,<sql-script-file>,Top-level container for a .sql file,"<sql-script-file> ::= <script-element-list>",https://learn.microsoft.com/en-us/sql/t-sql/language-reference
b4e3f2c1-2c3d-4b6c-9d0e-1f2a3b4c5d6e,1,<batch>,A batch is a sequence of one or more T-SQL statements sent to SQL Server as a unit,"<batch> ::= <batch-statement-list>",https://learn.microsoft.com/en-us/sql/t-sql/language-elements/begin-end-transact-sql
c5d4e3b2-3d4e-4c7d-ae1f-2a3b4c5d6e7f,1,<go-separator>,The GO command is a batch separator recognized by SSMS and sqlcmd,"<go-separator> ::= ""GO"" <go-count>? <new-line>",https://learn.microsoft.com/en-us/sql/t-sql/language-elements/sql-server-utilities-statements-go
d6c5d4a3-4e5f-4d8e-bf20-3b4c5d6e7f80,1,<use-statement>,The USE statement changes the current database context,"<use-statement> ::= ""USE"" <ws> <database-name> <statement-terminator>?",https://learn.microsoft.com/en-us/sql/t-sql/language-elements/use-transact-sql
e7b6c5f4-5f60-4e9f-c031-4c5d6e7f8091,1,<set-option-statement>,SET statement to configure session options,"<set-option-statement> ::= ""SET"" <ws> <option-name> <ws> <option-value>",https://learn.microsoft.com/en-us/sql/t-sql/statements/set-statements-transact-sql
4f6dbde9-52f2-4d3f-82a1-7b9f3a6c4d85,2,<cs-source-file>,Top-level container for a .cs file,"<cs-source-file> ::= <file-element-list>?",https://learn.microsoft.com/en-us/dotnet/csharp/programming-guide/
5f7ecdf0-63g3-5e4g-93b2-8c0g4b7d5e96,2,<namespace-declaration>,C# namespace declaration,"<namespace-declaration> ::= ""namespace"" <qualified-identifier> <namespace-body>",https://learn.microsoft.com/en-us/dotnet/csharp/language-reference/keywords/namespace
6g8fde01-74h4-6f5h-a4c3-9d1h5c8e6f07,2,<class-declaration>,C# class declaration,"<class-declaration> ::= <modifiers>? ""class"" <identifier> <type-parameter-list>? <class-base>? <class-body>",https://learn.microsoft.com/en-us/dotnet/csharp/programming-guide/classes-and-structs/classes
7h9gef12-85i5-7g6i-b5d4-0e2i6d9f7g18,2,<method-declaration>,C# method declaration,"<method-declaration> ::= <modifiers>? <return-type> <method-name> <parameter-list> <method-body>",https://learn.microsoft.com/en-us/dotnet/csharp/programming-guide/classes-and-structs/methods
