InstantiationPhiloteId,InputName,InputValue
4ed45ad2-5d34-4caf-b83a-2756ca2c84c1,ScriptName,Test_udf_dateperiod
4ed45ad2-5d34-4caf-b83a-2756ca2c84c1,FileName,Test_udf_dateperiod.sql
4ed45ad2-5d34-4caf-b83a-2756ca2c84c1,FilePath,src/ATAP.Utilities.Philote/Database/Queries/Test_udf_dateperiod.sql
a1f1eb63-0870-40bc-8eeb-9f28e93b8a17,ScriptName,Create_udf_dateperiod
a1f1eb63-0870-40bc-8eeb-9f28e93b8a17,FileName,Create_udf_dateperiod.sql
a1f1eb63-0870-40bc-8eeb-9f28e93b8a17,FilePath,src/ATAP.Utilities.Philote/Database/Queries/Create_udf_dateperiod.sql
9cce26ea-3ee9-4ed4-803e-8a2d17c2b84c,ScriptName,V00.01.000010__Create_Philote_Core_Schema
9cce26ea-3ee9-4ed4-803e-8a2d17c2b84c,FileName,V00.01.000010__Create_Philote_Core_Schema.sql
9cce26ea-3ee9-4ed4-803e-8a2d17c2b84c,FilePath,src/ATAP.Utilities.Philote/Database/Flyway/DATA/V00.01.000010__Create_Philote_Core_Schema.sql
